id_unique;stocking_bs_jp;id_fire;time_since_fire;latitude;longitude;seasonality_real_date;seasonality_adjusted;CBI;sphagnum_cover;ericaceous_cover;rom_med;age;basal_area_prefire_bs;prefire_bs_proportion;seedlings_ha_bs;seedlings_ha_jp;seedlings_ha_bl
2017199512;0;1995_1;22;50.24879998;-70.97427992;1995-08-11;105;2.458049259;2.197802198;64.8148148;180;197;13.13534273;100;0;0;0
20192005R036;0;2005_1;14;50.01966;-73.22733;2005-06-06;38;2.131119514;0;24.0740741;76.66666667;91;5.16691439;56.9748698;0;1500;0
20192005R010;0;2005_2;14;50.50227;-72.603;2005-06-03;39;2.340567272;2.197802198;55.5555556;267.5;121;10.12755335;100;0;0;0
20192005P032;0;2005_2;14;50.50823;-72.59772;2005-06-03;38;2.613731663;0;73.1481481;200;89;13.21833108;100;0;0;0
20192005P045;0;2005_2;14;50.48655;-72.62847;2005-06-02;39;2.183697263;0;27.7777778;84;85;4.751816493;88.76695044;0;500;0
20192005P018;0;2005_3;14;50.263;-72.35689;2005-06-03;34;2.610222234;0;42.5925926;120;85;11.04264127;64.68541765;0;0;250
20192005X007;0;2005_3;14;50.25102;-72.36091;2005-06-03;34;2.595723049;0;51.8518519;208;142;14.90819082;99.93023408;0;0;0
20192005P013;0;2005_3;14;50.24625;-72.36194;2005-06-03;34;2.595373386;0;49.0740741;180;147;18.80178537;93.66020961;0;0;0
20192005X011;0;2005_3;14;50.24357;-72.35616;2005-06-03;34;2.621437305;0;32.4074074;165;141;19.30350327;91.57704755;0;250;0
20192005P048;0;2005_3;14;50.24774;-72.36187;2005-06-03;34;2.232188826;1.098901099;38.8888889;105;143;7.15717246;73.67792116;0;500;0
20182005D064;0;2005_4;13;50.32951;-72.05754;2005-06-04;38;2.487899425;0;15.7407407;90;83;3.683862582;79.93055043;0;250;0
20182005D081;0;2005_4;13;50.2799;-72.13114;2005-06-05;45;2.338934212;1.098901099;50.9259259;150;105.5;8.986121511;82.13892456;0;250;0
20172005170;0;2005_5;12;51.10349;-71.014519;2005-06-04;57;1.306791113;0;40.7407407;120;261;3.18658537;100;0;0;0
20172005171;0;2005_5;12;51.104148;-71.015465;2005-06-04;57;1.859778832;0;59.2592593;160;261;3.728791334;100;0;0;0
20172005167;0;2005_5;12;51.102567;-71.015214;2005-06-04;58;1.459540781;0;59.2592593;118;298;8.106309607;100;0;0;0
20202005MB063;0;2005_6;15;50.56379;-68.76637;2005-06-02;45;2.121747733;2.197802198;25;132;193;8.635017077;60.16860649;0;0;500
20192007P059;0;2007_1;12;49.91045;-73.54732;2007-06-22;70;2.250529107;0;46.2962963;138.5;178;9.731634097;100;0;0;0
20192007P088;0;2007_4;12;50.64803;-70.16428;2007-06-19;70;2.036134337;0;17.5925926;133;232;1.687666901;77.0510943;0;0;0
20192007P070;0;2007_4;12;50.64537;-70.16579;2007-06-19;70;1.311774582;0;45.3703704;122.5;56.5;1.873273001;81.94193936;0;0;0
20192007P092;0;2007_4;12;50.5112;-70.15263;2007-06-16;68;1.843183711;0;93.5185185;244;184;3.493501682;100;0;0;0
20192007P071;0;2007_4;12;50.64464;-70.16582;2007-06-19;70;1.731441358;0;39.8148148;95;255.5;3.984357524;100;0;0;0
20192007P087;0;2007_4;12;50.64731;-70.1653;2007-06-19;70;1.713099448;0;55.5555556;150;213;4.398380211;100;0;0;0
20192007P090;0;2007_4;12;50.51053;-70.15481;2007-06-16;68;1.736722834;0;68.5185185;120;197;6.052833405;93.6973001;0;1500;0
20192007P081;0;2007_4;12;50.58438;-70.22707;2007-06-16;67;1.412511446;0;50;110;151;8.800612015;100;0;250;0
20182010F002;0;2010_1;8;50.70229;-71.79285;2010-06-22;88;2.131632366;0;7.4074074;80;109;3.619232161;83.0439414;0;250;0
20182010F058;0;2010_1;8;50.747771;-71.735221;2010-06-22;88;2.483832499;0;25.9259259;107;205;6.274710767;100;0;0;0
20182010F044;0;2010_1;8;50.72331;-71.67171;2010-06-24;90;2.116983036;0;37.962963;126;147;7.749089422;100;0;0;0
201720103;0;2010_2;7;49.71136794;-71.34432175;2010-05-19;57;2.506053181;0;31.4814815;140;97;18.75754392;81.58702994;0;3750;1500
20202011MG039;0;2011_1;9;50.63426;-67.68068;2011-06-15;49;2.451521866;0;66.6666667;230;242;16.11303887;100;0;0;0
20202011MG033;0;2011_1;9;50.64471;-67.70905;2011-06-15;47;2.437832888;0;59.2592593;230;67.5;4.706421258;100;0;0;0
20202011MG029;0;2011_1;9;50.64275;-67.70853;2011-06-15;49;2.445844169;0;46.2962963;180;292;7.06408863;100;0;0;0
20202011MG034;0;2011_1;9;50.63732;-67.68323;2011-06-15;49;2.546595689;0;60.1851852;210;299;8.163940704;100;0;0;0
20202011MG031;0;2011_1;9;50.64175;-67.70829;2011-06-15;49;2.448594981;0;55.5555556;170;294;8.946558645;100;0;0;0
20202013UA077;0;2013_2;7;51.7578;-68.00938;2013-07-10;92;2.048045629;0;27.7777778;110;114;4.066341319;87.95048406;0;2000;0
20202016ME002;0;2016_1;4;50.59629;-68.4416;2016-06-12;47;1.378900618;0;0;230;125;19.73468926;99.98370146;0;0;0
20202016ME003;0;2016_1;4;50.59539;-68.44029;2016-06-12;47;2.043595891;0;46.2962963;230;132;23.10070274;100;0;0;0
20202016ME001;0;2016_1;4;50.59723;-68.44469;2016-06-12;47;1.927063138;0;0;245;130;28.06449116;98.3258678;0;0;0
20192005P055;1;2005_1;14;50.0418;-73.19446;2005-06-05;39;2.042273878;0;28.7037037;120;88;10.00715259;100;250;0;0
20192005P054;1;2005_1;14;50.04107;-73.19621;2005-06-05;40;2.199164769;0;37.962963;133;46.5;10.30053418;100;250;0;250
20192005P058;1;2005_1;14;50.02051;-73.2233;2005-06-06;38;2.022264292;0;2.7777778;91;88;5.637372654;99.90640897;250;2500;0
20192005P053;1;2005_1;14;50.04217;-73.19619;2005-06-05;40;2.017740218;1.098901099;31.4814815;190;92;5.932339962;100;250;0;0
20192005X023;1;2005_2;14;50.49603;-72.60109;2005-06-03;38;2.33515916;0;67.5925926;130;118;12.08967381;100;750;0;0
20192005X034;1;2005_2;14;50.42539;-72.49593;2005-06-05;38;1.887898942;0;46.2962963;148;104;7.279541435;100;250;0;0
20192005X033;1;2005_2;14;50.423;-72.49829;2005-06-05;38;2.245872155;1.098901099;66.6666667;210;204;9.03273097;94.0235961;2250;500;0
20192005P047;1;2005_3;14;50.24711;-72.36728;2005-06-03;34;2.433152796;0;48.1481481;204;134;10.74110961;98.16937428;500;0;0
20192005P014;1;2005_3;14;50.24671;-72.36347;2005-06-03;34;2.575061871;0;61.1111111;280;149;15.84026455;94.08732983;500;0;0
20192005X008;1;2005_3;14;50.25159;-72.36203;2005-06-03;34;2.2980708;0;37.962963;180;150;9.491341502;93.38652831;250;500;0
20182005D080;1;2005_4;13;50.27958;-72.13392;2005-06-05;45;1.879940603;0;27.7777778;133;76.5;3.322506346;66.47609649;250;1750;0
20182005D063;1;2005_4;13;50.32863;-72.05698;2005-06-04;38;2.187394517;1.098901099;42.5925926;110;95;4.890085069;53.49225781;250;2500;0
20182005D070;1;2005_4;13;50.32986;-72.06222;2005-06-04;38;2.490086653;0;25.9259259;100;137.5;5.787237635;65.27433501;250;1500;0
20182005F074;1;2005_4;13;50.32939;-72.05278;2005-06-04;38;2.054339209;0;50;80;91;5.970350881;76.62521826;500;500;0
20182005D068;1;2005_4;13;50.32757;-72.06332;2005-06-04;38;2.467110827;0;35.1851852;85;91;7.648417074;65.83472096;250;0;0
20172005173;1;2005_5;12;51.102145;-71.018448;2005-06-04;56;1.860256718;0;43.5185185;140;268;4.273741449;100;250;0;0
20172005182;1;2005_5;12;51.130945;-71.031971;2005-06-04;58;2.011691306;0;50.9259259;140;267;5.660246554;100;500;0;0
20172005179;1;2005_5;12;51.134754;-71.033068;2005-06-04;58;2.355509222;0;38.8888889;156;300;7.430331636;100;250;0;0
20172005176;1;2005_5;12;51.134235;-71.032948;2005-06-04;58;2.443366986;0;29.6296296;100;307;7.497279148;100;500;0;0
20202005MB064;1;2005_6;15;50.56208;-68.76583;2005-06-02;45;1.528406305;1.098901099;39.8148148;220;185;14.20661734;73.75964138;1000;0;0
20182007D060;1;2007_2;11;50.15095;-71.99707;2007-06-19;67;2.101759037;0;47.2222222;160.7;102;10.7189975;100;1500;0;0
20192007R022;1;2007_2;12;50.15089;-71.97327;2007-06-18;67;1.970280431;3.296703297;44.4444444;195;100;4.172761212;100;500;250;0
20192007X016;1;2007_2;12;50.13507;-71.97062;2007-06-19;69;1.873736669;0;55.5555556;260;94;7.576482448;100;1000;0;0
20192007X037;1;2007_2;12;50.17063;-71.92043;2007-06-18;66;2.228330302;0;34.2592593;101;100;8.17739065;88.70991269;250;250;0
20192007P050;1;2007_2;12;50.14534;-71.9677;2007-06-19;68;2.102298863;0;52.7777778;200;97;8.752988607;99.99709286;1250;0;0
20192007P037;1;2007_2;12;50.17374;-71.9197;2007-06-18;66;1.823478678;0;21.2962963;110;95;8.83607903;99.99911115;250;250;0
20172007123;1;2007_3;10;51.084111;-71.174168;2007-06-16;66;1.892349476;0;13.8888889;110;192;11.15966478;86.38720935;250;0;0
20172007120;1;2007_3;10;51.080304;-71.174286;2007-06-16;66;1.958668715;0;37.037037;120;152;5.516916279;100;250;0;0
20192007P084;1;2007_4;12;50.64622;-70.16629;2007-06-19;70;2.108106292;0;42.5925926;121;253.5;1.432597039;100;250;0;0
20192007P079;1;2007_4;12;50.58535;-70.22659;2007-06-16;67;1.456426978;0;32.4074074;90;154;10.70303428;100;250;1000;0
20192007P091;1;2007_4;12;50.50964;-70.15556;2007-06-16;68;1.698918788;0;74.0740741;230;194;13.12984105;100;250;500;0
20192007P094;1;2007_4;12;50.51084;-70.1513;2007-06-16;68;1.891966264;0;43.5185185;138.5;197;5.38009111;85.45008922;250;250;0
20192007P072;1;2007_4;12;50.64408;-70.16451;2007-06-19;70;2.187081261;0;30.5555556;85.7;262.5;6.110395243;100;250;0;0
20202007UB107;1;2007_5;13;51.83571;-68.22967;2007-06-16;68;1.892066471;0;34.2592593;131;121;6.362530072;100;250;0;0
20202009MC019;1;2009_1;11;50.642399;-68.3563;2009-06-25;74;2.385724847;0;4.6296296;270;121;30.82796045;98.64236418;250;0;0
20182010D052;1;2010_1;8;50.75028;-71.70057;2010-06-24;90;2.234491941;1.098901099;26.8518519;116.3;151;11.38021173;100;750;0;0
20182010F033;1;2010_1;8;50.73405;-71.67313;2010-06-24;90;2.290325979;0;33.3333333;90;127;13.68343136;100;1250;0;0
20182010D054;1;2010_1;8;50.72753;-71.83839;2010-06-23;89;2.184271822;0;22.2222222;70;117;3.438996613;83.15621171;250;2500;0
20182010F003;1;2010_1;8;50.70132;-71.7935;2010-06-22;88;2.201454597;0;20.3703704;82;110;3.978211782;92.2098304;250;2750;0
20182010D044;1;2010_1;8;50.71596;-71.73824;2010-06-22;88;2.169343847;0;35.1851852;100;207;4.881194361;100;2750;0;0
20182010D050;1;2010_1;8;50.72014;-71.73346;2010-06-22;88;2.294832247;0;42.5925926;220;205;5.138225362;100;250;0;0
20172010196;1;2010_1;7;50.71243;-71.832412;2010-06-23;89;2.407827193;0;24.0740741;84;105;5.246755641;67.91311392;1250;9500;0
20182010D034;1;2010_1;8;50.72564;-71.67066;2010-06-24;90;2.128644767;5.494505495;15.7407407;90;146;5.433922306;100;1750;0;0
20182010F068;1;2010_1;8;50.83916;-71.57279;2010-06-25;91;2.341081611;0;38.8888889;94.44444444;229;5.765922712;93.31863061;500;0;0
20182010D008;1;2010_1;8;50.72852;-71.74204;2010-06-22;88;2.451514808;2.197802198;22.2222222;150;325;5.805585324;100;1000;0;0
20182010D043;1;2010_1;8;50.729;-71.6749;2010-06-24;90;2.226816444;0;19.4444444;107;133.5;5.820253422;100;1750;250;0
20182010D048;1;2010_1;8;50.71864;-71.73497;2010-06-22;88;2.236183697;0;31.4814815;91.1;199;6.429011678;100;500;0;0
20182010F061;1;2010_1;8;50.74918;-71.69997;2010-06-24;90;1.909414235;0;30.5555556;100;151;7.356781425;92.44392019;1750;250;0
20182010D038;1;2010_1;8;50.70239;-71.72738;2010-06-22;88;1.978858278;0;25;120;204;8.001830579;100;250;0;0
20182010F062;1;2010_1;8;50.74938;-71.70108;2010-06-24;90;2.008753276;0;29.6296296;80;140;9.370233092;100;500;0;0
20202011MG037;1;2011_1;9;50.63326;-67.68129;2011-06-15;49;2.555561684;0;61.1111111;260;264;9.346862781;99.99727757;250;0;0
20202013MF046;1;2013_1;7;50.39088;-67.97249;2013-07-09;79;2.481128578;0;12.962963;110;205;11.39106279;99.99776611;250;0;0
20202013UA084;1;2013_2;7;51.74102;-68.04469;2013-07-10;93;1.783420689;0;2.7777778;30;120.5;3.705292959;65.57883507;250;17000;0
20202013UA099;1;2013_2;7;51.68709;-68.10789;2013-07-10;92;1.579605655;0;8.3333333;41;122;4.920108487;99.99974459;250;0;0
20202013UA075;1;2013_2;7;51.75824;-68.00799;2013-07-10;92;2.158387828;0;40.7407407;88.1;120.5;5.077697861;86.86953121;250;2500;0
20202013UA072;1;2013_2;7;51.75848;-67.9984;2013-07-10;92;1.739256244;1.098901099;60.1851852;53.5;111.5;6.784702838;96.96485029;250;0;0
20202013UA078;1;2013_2;7;51.75795;-68.01176;2013-07-10;93;2.229612641;0;52.7777778;85;123;6.914976845;94.01765961;500;250;0
20202016ME055;1;2016_1;4;50.6042;-68.44297;2016-06-12;47;1.886115319;6.593406593;40.7407407;261.5;117;10.94098168;100;500;0;0
20202016ME053;1;2016_1;4;50.60527;-68.44308;2016-06-12;47;1.845797742;0;35.1851852;261;129;8.157519289;100;250;0;0
2017199515;2;1995_1;22;50.24740993;-70.97706992;1995-08-11;105;2.224537679;1.098901099;100;230;250;9.184654443;80.53255235;3000;0;0
20192005R033;2;2005_1;14;50.04584;-73.19498;2005-06-05;39;1.778781543;0;77.7777778;220;178;12.18091818;100;500;0;0
20192005X032;2;2005_2;14;50.50749;-72.59881;2005-06-03;34;2.229996246;0;70.3703704;230;93;6.64704216;99.97500411;500;0;0
20192005X020;2;2005_2;14;50.49131;-72.68657;2005-06-02;38;2.50897328;2.197802198;55.5555556;100;120;6.941566503;76.03913028;750;0;0
20192005P019;2;2005_2;14;50.49292;-72.68545;2005-06-02;37;2.544530659;0;34.2592593;108;118;9.04910024;95.13946645;750;0;0
20192005X009;2;2005_3;14;50.25221;-72.36399;2005-06-03;34;1.946419767;0;43.5185185;180;149;12.14096182;95.28090402;1500;1500;0
20192005P010;2;2005_3;14;50.2493;-72.35906;2005-06-03;34;2.442320668;0;78.7037037;310;144;18.26410958;90.41171912;500;0;0
20182005F079;2;2005_4;13;50.32744;-72.06548;2005-06-04;39;2.245290772;0;26.8518519;80;94;1.371451429;60.05474511;1250;1250;250
20182005F083;2;2005_4;13;50.24874;-72.08715;2005-06-05;40;2.42831674;1.098901099;57.4074074;160;98;4.774168141;57.22965802;1250;3500;0
20182005D062;2;2005_4;13;50.32915;-72.05573;2005-06-04;38;2.481745344;0;41.6666667;180.5;88;5.497252893;65.73832306;1250;4750;0
20182005D076;2;2005_4;13;50.25261;-72.08607;2005-06-05;40;2.347602469;4.395604396;59.2592593;140;96;6.230985291;65.07707129;4250;4750;0
20182005F090;2;2005_4;13;50.28093;-72.13078;2005-06-05;45;2.364650559;0;23.1481481;100;94;6.632249184;68.72926998;500;250;0
20182005F084;2;2005_4;13;50.24739;-72.08823;2005-06-05;40;2.324344796;0;43.5185185;227;97;6.920178539;56.34832929;1750;1000;0
20182005F076;2;2005_4;13;50.33047;-72.05235;2005-06-04;38;2.299177769;9.89010989;32.4074074;120;90;7.408751228;57.45838672;750;4000;0
20182005D083;2;2005_4;13;50.28207;-72.12841;2005-06-05;45;2.368323483;0;44.4444444;120;91;7.540340777;52.66656661;1500;1250;0
20182005F075;2;2005_4;13;50.33012;-72.0516;2005-06-04;38;2.410113327;0;50.9259259;110;91;8.445882968;59.2826509;500;750;0
20172005172;2;2005_5;12;51.103611;-71.017985;2005-06-04;57;1.892652284;0;52.7777778;182;286;5.094560584;100;9000;0;0
20172005165;2;2005_5;12;51.101314;-71.016154;2005-06-04;58;1.711721876;0;49.0740741;160;325;5.651333068;100;750;0;0
20172005178;2;2005_5;12;51.134722;-71.032325;2005-06-04;58;2.265522795;0;37.037037;180;292;6.700986437;100;500;0;0
20192007R046;2;2007_1;12;49.82397;-73.58256;2007-06-22;68;2.212639489;6.593406593;61.1111111;170;218;10.57115728;100;1000;0;0
20192007R045;2;2007_1;12;49.82307;-73.58182;2007-06-22;68;2.337933015;3.296703297;79.6296296;231;230;15.65002932;100;750;0;0
20192007R043;2;2007_1;12;49.82388;-73.54636;2007-06-22;69;2.095346034;0;36.1111111;125;142;5.314910909;69.60943894;500;250;0
20192007P061;2;2007_1;12;49.90848;-73.54733;2007-06-22;70;1.827535588;0;19.4444444;110;191.5;5.476319674;79.40749808;1500;250;250
20192007P021;2;2007_2;12;50.13431;-71.97112;2007-06-19;69;2.355180576;0;0;290;216;10.00652348;99.9999686;1250;0;0
20192007P039;2;2007_2;12;50.16766;-71.92078;2007-06-18;66;2.411999732;0;41.6666667;150;98;10.63203115;99.9999409;500;0;0
20192007R014;2;2007_2;12;50.17063;-71.91886;2007-06-18;66;2.008442598;0;65.7407407;150;102;10.66504929;99.99997054;1250;0;0
20192007X038;2;2007_2;12;50.16862;-71.92034;2007-06-18;66;2.377395558;0;43.5185185;120;102;14.54200517;99.99894144;1000;0;0
20192007R016;2;2007_2;12;50.16906;-71.91899;2007-06-18;66;2.439324825;0;72.2222222;160;99;15.24973696;99.99967039;500;0;0
20192007P003;2;2007_2;12;50.15612;-71.99805;2007-06-19;67;2.515951491;0;48.1481481;258;101;3.556578586;100;1250;0;0
20192007R024;2;2007_2;12;50.15303;-71.97128;2007-06-18;67;1.801902568;0;37.037037;230;100;3.759017341;89.10470246;1000;1500;250
20182007F073;2;2007_2;11;50.15194;-71.99961;2007-06-19;67;2.264083044;4.395604396;52.7777778;185;99;6.256471464;97.4669678;500;0;0
20192007R023;2;2007_2;12;50.15115;-71.97161;2007-06-18;67;1.890415016;0;39.8148148;234.5;101;6.759978501;100;1750;0;0
20182007F072;2;2007_2;11;50.151;-71.99928;2007-06-19;67;2.149697859;0;54.6296296;206;97;8.063840913;100;1250;0;0
20172007119;2;2007_3;10;51.07983;-71.174918;2007-06-16;66;1.734393609;1.098901099;30.5555556;97;196;13.4808701;100;1250;0;0
20172007109;2;2007_3;10;51.096265;-71.099644;2007-06-16;66;2.077200294;2.197802198;39.8148148;155;182;9.757012114;100;500;250;0
20192007P076;2;2007_4;12;50.58839;-70.22608;2007-06-16;67;1.73403609;0;23.1481481;80;199;6.441168073;73.11243456;750;250;0
20202007UB091;2;2007_5;13;51.89637;-68.26201;2007-06-16;68;1.71020126;1.098901099;24.0740741;90;201;10.52441823;100;750;0;0
20202007UB105;2;2007_5;13;51.83265;-68.23152;2007-06-16;68;1.648452076;5.494505495;22.2222222;130;165;5.720353121;100;3500;0;0
20202009MC010;2;2009_1;11;50.66191;-68.36607;2009-06-25;74;1.971064683;0;35.1851852;103;124;0.169822737;100;1000;0;1250
20202009MC016;2;2009_1;11;50.65871;-68.36182;2009-06-25;75;2.238937068;2.197802198;16.6666667;260;119;0.175957482;100;750;0;0
20202009MC008;2;2009_1;11;50.66242;-68.3685;2009-06-25;73;2.231465966;0;33.3333333;103;116;0.528180323;72.8883513;1250;0;750
20182010F026;2;2010_1;8;50.82894;-71.65147;2010-06-23;89;2.523515543;0;33.3333333;140;145;12.2110971;97.15095961;500;0;0
20182010F011;2;2010_1;8;50.728337;-71.687909;2010-06-24;90;2.335457459;0;19.4444444;114.5;148;12.26248179;95.77413166;500;0;0
20182010D016;2;2010_1;8;50.72684;-71.6926;2010-06-24;90;2.083892913;1.098901099;29.6296296;170;140;19.70156116;98.60831273;6500;0;0
20182010F059;2;2010_1;8;50.71553;-71.73468;2010-06-22;88;2.116528097;0;19.4444444;100;198;4.748027731;100;500;0;0
20182010F046;2;2010_1;8;50.70048;-71.72733;2010-06-22;88;2.080935506;0;30.5555556;110;222;5.318199371;100;750;0;0
20182010F052;2;2010_1;8;50.70506;-71.72768;2010-06-22;88;2.067865846;0;17.5925926;110;206;5.383986685;100;750;0;0
20182010F056;2;2010_1;8;50.71605;-71.73657;2010-06-22;88;2.082887341;0;23.1481481;80;207;5.765570069;100;1000;0;0
20172010197;2;2010_1;7;50.713026;-71.832488;2010-06-23;89;2.00019268;0;30.5555556;99;104;5.821997038;67.57829835;500;4250;0
20182010F051;2;2010_1;8;50.70502;-71.72899;2010-06-22;88;2.019460033;0;17.5925926;80;199;6.390164311;100;750;0;0
20182010F014;2;2010_1;8;50.72643;-71.69143;2010-06-24;90;2.51496084;1.098901099;32.4074074;150;157;6.616885223;100;1000;0;0
20182010F050;2;2010_1;8;50.70387;-71.72921;2010-06-22;88;2.318658625;0;25;90;205;6.910209479;100;1000;0;0
20182010F006;2;2010_1;8;50.72919;-71.74298;2010-06-22;88;1.900509436;0;27.7777778;120.9444444;318;7.578944672;94.68786735;750;0;0
20182010D055;2;2010_1;8;50.72657;-71.83839;2010-06-23;89;2.110789486;0;43.5185185;128;189;8.539883358;99.83513404;750;750;0
20202013MF047;2;2013_1;7;50.38871;-67.9754;2013-07-09;80;2.516610048;0;4.6296296;90;217;15.20177583;83.96031918;500;0;1250
20202013MF050;2;2013_1;7;50.39706;-67.96951;2013-07-09;79;2.399289386;0;12.037037;85;204;6.792941665;62.28614041;500;0;3000
20202013UA111;2;2013_2;7;51.75786;-68.09117;2013-07-10;92;1.767395605;0;36.1111111;244;140.5;13.74174875;94.08934697;2750;7500;0
20202013UA103;2;2013_2;7;51.68822;-68.10637;2013-07-10;92;1.7322164;0;12.962963;70;80.5;7.988317802;80.26458719;2750;4000;0
20202016ME054;2;2016_1;4;50.60405;-68.44153;2016-06-12;47;2.050426457;7.692307692;25.9259259;300;124;13.11879286;93.45682219;750;0;0
20202016ME006;2;2016_1;4;50.59798;-68.4436;2016-06-12;47;1.442414587;0;25.9259259;200;130;22.75455731;98.58437233;500;0;0
2017199514;3;1995_1;22;50.24840998;-70.97658997;1995-08-11;105;2.254084399;6.593406593;88.8888889;250;231;11.57321704;96.78170981;9750;0;750
2017199513;3;1995_1;22;50.24905999;-70.97530997;1995-08-11;105;2.356726844;13.18681319;72.2222222;287;277;6.053130322;100;2750;0;0
20192005R034;3;2005_1;14;50.04683;-73.19476;2005-06-05;40;1.971874282;0;0;175;196;13.91305589;100;1500;0;0
20192005P057;3;2005_1;14;50.0197;-73.22321;2005-06-06;38;2.00516733;3.296703297;11.1111111;140;85;5.959393005;99.84651416;7000;6750;0
20192005R035;3;2005_1;14;50.0183;-73.22639;2005-06-06;38;2.056863771;0;48.1481481;125;92;8.273800641;63.35461667;750;500;0
20192005P056;3;2005_1;14;50.0195;-73.2247;2005-06-06;38;1.898376721;0;11.1111111;95;86.5;8.919343024;97.73453684;1500;1000;250
20192005R009;3;2005_2;14;50.50383;-72.60281;2005-06-03;38;1.998057435;30.76923077;52.7777778;304;101.5;5.86447527;94.72239313;5750;250;0
20192005X022;3;2005_2;14;50.4935;-72.68347;2005-06-02;39;2.34178916;1.098901099;53.7037037;180;123;8.978515715;100;1500;0;0
20192005P023;3;2005_2;14;50.49188;-72.68474;2005-06-02;39;2.43062563;1.098901099;49.0740741;180;118;8.987539155;96.80053672;5750;500;0
20192005P044;3;2005_2;14;50.48602;-72.63058;2005-06-02;39;2.103450867;5.494505495;21.2962963;90;207;9.941868714;99.98859384;3250;1000;0
20192005P046;3;2005_3;14;50.24669;-72.365;2005-06-03;34;2.461942989;6.593406593;62.037037;214.5;145;13.80315826;79.03546799;3250;250;0
20192005R027;3;2005_3;14;50.2447;-72.35532;2005-06-03;34;2.530153786;8.791208791;87.962963;311;149;14.88498544;93.28509638;5250;3500;0
20192005X012;3;2005_3;14;50.26084;-72.34441;2005-06-03;36;2.607907091;0;29.6296296;200;169;17.84568081;85.22540422;750;0;0
20192005X013;3;2005_3;14;50.26056;-72.34032;2005-06-03;36;2.32903946;0;65.7407407;256;172;18.50766551;95.3758398;750;0;250
20192005X010;3;2005_3;14;50.25258;-72.36593;2005-06-03;34;2.087718809;16.48351648;41.6666667;82;142;3.732703358;70.21132573;4750;1500;0
20192005P008;3;2005_3;13;50.24906;-72.36152;2005-06-03;34;1.899081625;3.296703297;74.0740741;200;141;7.571589418;95.55075225;7750;1750;0
20192005P007;3;2005_3;14;50.2499;-72.35937;2005-06-03;34;2.246339952;6.593406593;45.3703704;154;141;9.450747408;100;4250;0;0
20182005F081;3;2005_4;13;50.32899;-72.06418;2005-06-04;38;2.193871109;0;46.2962963;74;89;2.411442804;80.22839798;750;2000;0
20182005D082;3;2005_4;13;50.28189;-72.12984;2005-06-05;45;2.406601934;0;43.5185185;159;91;3.220795701;86.00458583;4500;2500;0
20182005D067;3;2005_4;13;50.32672;-72.06619;2005-06-04;38;2.515920384;0;38.8888889;75.5;92;4.29504929;50.0100411;750;0;0
20182005D066;3;2005_4;13;50.32919;-72.05995;2005-06-04;38;2.4102775;12.08791209;51.8518519;160;87;5.79615976;58.90810967;3750;6250;0
20182005F077;3;2005_4;13;50.32848;-72.06066;2005-06-04;38;2.524157623;0;39.8148148;100;96;9.639093762;63.97710208;750;1250;0
20172005181;3;2005_5;12;51.130388;-71.031535;2005-06-04;58;2.073318685;0;25.9259259;144;232;10.88892946;100;750;0;0
20172005168;3;2005_5;12;51.101623;-71.017271;2005-06-04;57;1.448530834;0;41.6666667;160;282;10.95676215;100;1250;0;0
20172005175;3;2005_5;12;51.134198;-71.032117;2005-06-04;58;2.524185584;0;41.6666667;130;358;6.385386106;100;750;0;0
20192007P060;3;2007_1;12;49.90945;-73.54724;2007-06-22;70;1.856864789;0;38.8888889;100.5555556;191.5;9.182777379;81.23066478;1500;0;250
20192007X030;3;2007_2;12;50.22241;-71.93791;2007-06-19;68;2.352784964;0;75.9259259;150;100;10.01885737;93.65939515;1750;0;2500
20192007X031;3;2007_2;12;50.22192;-71.93911;2007-06-19;68;1.815546401;0;62.037037;135;166;10.67673837;99.99997058;1500;0;500
20192007P041;3;2007_2;12;50.19439;-71.9389;2007-06-19;68;1.754593179;4.395604396;64.8148148;190;185;10.79592413;100;2750;0;0
20192007P022;3;2007_2;12;50.13985;-71.97072;2007-06-19;69;2.236156534;1.098901099;45.3703704;170;100;11.8904889;100;2500;0;0
20192007X036;3;2007_2;12;50.17188;-71.91981;2007-06-18;66;1.795299918;0;37.037037;100;96;2.867269885;64.35647858;1750;2250;0
20192007R021;3;2007_2;12;50.17113;-71.93505;2007-06-18;67;2.44100734;2.197802198;23.1481481;80;100;5.004860813;83.18165436;2250;2250;250
20192007R015;3;2007_2;12;50.16961;-71.92033;2007-06-18;66;2.393276971;0;44.4444444;125;95;6.855152276;91.27731561;1500;0;750
20172007104;3;2007_3;10;51.103558;-71.079529;2007-06-16;67;1.982960578;0;3.7037037;55;176;1.940800798;100;1500;2000;0
20172007125;3;2007_3;10;51.076962;-71.174808;2007-06-16;66;2.097382294;0;30.5555556;110;192;11.89936551;94.77822542;1500;0;0
20172007106;3;2007_3;10;51.10312;-71.076254;2007-06-16;66;2.103143126;0;6.4814815;60;191;3.486360038;73.13815309;1500;3500;0
20172007144;3;2007_3;10;51.071007;-71.170442;2007-06-16;66;1.888052425;1.098901099;28.7037037;141;63;5.176258312;99.98246299;3000;0;250
20172007105;3;2007_3;10;51.102607;-71.075818;2007-06-16;66;2.258638358;0;12.037037;80;171;6.587666088;96.3959309;1000;750;0
20192007P082;3;2007_4;12;50.58545;-70.23388;2007-06-16;67;1.676631427;0;69.4444444;145;165;12.21079786;100;4250;0;0
20202007UB110;3;2007_5;13;51.83361;-68.23558;2007-06-16;68;1.949582094;0;7.4074074;41;66.5;7.108267282;69.52614807;750;500;0
20202009MC014;3;2009_1;11;50.65972;-68.3633;2009-06-25;75;2.010559732;6.593406593;18.5185185;110;119;0.593234075;99.935963;1500;250;0
20202009MC009;3;2009_1;11;50.66309;-68.35604;2009-06-25;75;2.163162572;0;2.7777778;260.6;118;6.111910276;100;4000;0;0
20182010F060;3;2010_1;8;50.72109;-71.73939;2010-06-22;88;2.441297556;0;54.6296296;160;297;10.65161034;100;1000;0;0
20182010F036;3;2010_1;8;50.82811;-71.6516;2010-06-23;89;2.472210538;0;10.1851852;130;152;11.05475998;66.76251767;750;0;250
20182010F030;3;2010_1;8;50.71952;-71.70502;2010-06-24;90;2.241428591;0;12.962963;97;145;13.09760045;100;1000;0;0
20182010F040;3;2010_1;8;50.7189778;-71.70135;2010-06-24;90;2.282652288;0;53.7037037;233;152;14.82144672;94.72093032;750;500;250
20182010D017;3;2010_1;8;50.73083;-71.68746;2010-06-24;90;2.491079156;0;30.5555556;130;140;16.47256512;96.37147161;2250;0;0
20182010F015;3;2010_1;8;50.72636;-71.6927;2010-06-24;90;2.074717977;0;23.1481481;143.5;246;22.2146078;96.00617953;3750;0;0
20182010F010;3;2010_1;8;50.72951;-71.68767;2010-06-24;90;2.498440481;0;42.5925926;165;251;23.11551928;93.15131143;1750;0;0
20182010D009;3;2010_1;8;50.72757;-71.74202;2010-06-22;88;2.455604351;0;20.3703704;120;269;3.350364421;100;750;0;0
20172010200;3;2010_1;7;50.731056;-71.806389;2010-06-23;89;2.183882399;0;22.2222222;90;141;3.66561073;100;1500;1250;0
20182010D037;3;2010_1;8;50.69947;-71.72557;2010-06-22;88;1.653514307;42.85714286;41.6666667;120;214;4.230713393;100;20500;0;0
20182010F054;3;2010_1;8;50.73503;-71.67333;2010-06-24;90;2.271023204;0;35.1851852;120;143;4.566041532;100;750;0;0
20182010D049;3;2010_1;8;50.7193;-71.73399;2010-06-22;88;2.086428963;0;23.1481481;140;201;5.5260668;100;750;0;0
20182010F045;3;2010_1;8;50.69955;-71.72717;2010-06-22;88;2.163161599;0;21.2962963;130;200;5.850287051;100;2000;0;0
20172010191;3;2010_1;7;50.713135;-71.831741;2010-06-23;89;2.22995387;1.098901099;26.8518519;104;110;6.351272966;75.29198289;2000;3500;0
20182010F048;3;2010_1;8;50.73347;-71.67417;2010-06-24;90;2.279045023;0;33.3333333;110;144;7.553504052;92.62619902;3000;0;0
20182010F007;3;2010_1;8;50.72815;-71.74335;2010-06-22;88;1.367741603;0;29.6296296;140;285;7.576339506;96.23783795;1750;0;0
20172010194;3;2010_1;7;50.714254;-71.833897;2010-06-23;89;2.418268898;0;24.0740741;90;106;7.724487827;83.48860415;2000;6500;0
20182010F020;3;2010_1;8;50.6983;-71.70483;2010-06-22;88;2.321428403;0;25.9259259;180;152;7.795512742;100;2000;1250;0
20182010D045;3;2010_1;8;50.71722;-71.7381;2010-06-22;88;2.033876791;5.494505495;31.4814815;160;193;7.897979725;94.76936482;10750;0;0
20182010D005;3;2010_1;8;50.70586;-71.79481;2010-06-22;88;1.577869481;2.197802198;12.037037;125;302;7.93616186;100;1000;1250;0
20182010F047;3;2010_1;8;50.70134;-71.72661;2010-06-22;88;1.96600247;0;24.0740741;139;203;8.138890428;100;2750;0;250
20182010F028;3;2010_1;8;50.72107;-71.70362;2010-06-24;90;2.474808633;0;16.6666667;72.4;146;9.069613272;94.85897356;1000;250;0
20182010F066;3;2010_1;8;50.727663;-71.83721;2010-06-23;89;2.409692919;0;25;90;108;9.891754022;100;1750;250;0
201720101;3;2010_2;7;49.71190464;-71.34666516;2010-05-19;57;2.396054451;0;40.7407407;163.8888889;99;13.08297265;81.67375923;1750;5750;250
201720109;3;2010_2;7;49.70546407;-71.34165371;2010-05-19;57;2.434903577;2.197802198;31.4814815;145;95;16.7753087;89.63447204;7250;1000;1250
20202011MG036;3;2011_1;9;50.63721;-67.68081;2011-06-15;49;2.249942125;0;65.7407407;280;229;10.26717046;100;750;0;0
20202013UA112;3;2013_2;7;51.76017;-68.09248;2013-07-10;92;2.081859769;0;50;150;120.5;10.4273705;84.19537074;1750;5750;0
20202013UA104;3;2013_2;7;51.69077;-68.10892;2013-07-10;92;1.863633599;0;53.7037037;170;121;10.88744502;100;3000;0;750
20202013UA096;3;2013_2;7;51.70923;-68.07009;2013-07-10;92;2.007691818;0;59.2592593;220;126;14.50174173;95.65728951;3250;750;0
20202013UA073;3;2013_2;7;51.76052;-67.99326;2013-07-10;92;1.461861994;0;62.037037;190;114.5;6.082575652;96.10829996;3750;0;0
20202013UA080;3;2013_2;7;51.74183;-68.03586;2013-07-10;92;2.107031106;4.395604396;53.7037037;180;125;8.527393955;96.79070417;7000;250;0
20202013UA100;3;2013_2;7;51.6887;-68.11192;2013-07-10;92;1.645183904;13.18681319;35.1851852;140;125;9.35386225;100;4000;0;0
20202016ME005;3;2016_1;4;50.59723;-68.44012;2016-06-12;47;1.367339607;9.89010989;35.1851852;420;130;24.73346245;100;1750;0;0
20192005R030;4;2005_1;14;49.98322;-73.18874;2005-06-06;37;2.274676803;0;75.9259259;125;194;12.03728141;75.63095246;1000;0;0
20192005R037;4;2005_1;14;50.01966;-73.22732;2005-06-06;38;2.131119514;9.89010989;39.8148148;118.5;79.5;3.590742625;94.90620802;1750;3500;0
20192005P024;4;2005_2;14;50.49574;-72.60265;2005-06-03;38;2.208886251;4.395604396;44.4444444;170;111;10.73647183;99.99762992;1500;0;0
20192005R011;4;2005_2;14;50.50895;-72.59898;2005-06-03;38;2.515135608;4.395604396;73.1481481;180;88;11.16225586;100;5250;0;0
20192005P025;4;2005_2;14;50.4964;-72.60423;2005-06-03;38;2.267384;5.494505495;49.0740741;205;122;13.39376864;100;5750;250;0
20192005R006;4;2005_2;14;50.4941;-72.68531;2005-06-02;39;2.610781701;2.197802198;41.6666667;231;122;15.93666433;90.84868429;2000;0;500
20192005P026;4;2005_2;14;50.50631;-72.60225;2005-06-03;38;2.134788017;5.494505495;62.037037;220;73;4.586069187;99.99445157;4250;0;0
20192005X025;4;2005_2;14;50.5049;-72.60197;2005-06-03;38;1.91031313;1.098901099;63.8888889;201;133;5.387915247;82.65078415;3250;0;0
20192005X019;4;2005_2;14;50.49229;-72.68708;2005-06-02;38;2.411939036;0;39.8148148;170;123;6.703852372;58.78640055;2500;0;0
20192005P027;4;2005_2;14;50.50692;-72.60351;2005-06-03;38;2.452339141;3.296703297;60.1851852;149;85;8.055467781;99.999961;3000;250;0
20192005R007;4;2005_2;14;50.4955;-72.60426;2005-06-03;38;2.278686113;6.593406593;49.0740741;250;258;8.199741513;100;6250;500;0
20192005P009;4;2005_3;14;50.24822;-72.36031;2005-06-03;34;2.19144465;7.692307692;67.5925926;235;140;10.704448;89.89697283;3250;1000;0
20192005P016;4;2005_3;14;50.26024;-72.33862;2005-06-03;36;2.355995142;9.89010989;75;240;166;18.52923332;100;2250;750;0
20192005P006;4;2005_3;14;50.25065;-72.3583;2005-06-03;34;2.289147604;10.98901099;77.7777778;340;151;18.64402792;82.35602949;13250;4750;0
20182005D084;4;2005_4;13;50.28115;-72.12816;2005-06-05;45;2.319988657;3.296703297;75;420;90;2.211896671;59.8315108;3000;5750;0
20172005158;4;2005_5;12;51.12391;-71.058462;2005-06-04;58;2.404685548;1.098901099;34.2592593;80;331;3.412285243;100;7500;0;0
20172005161;4;2005_5;12;51.123487;-71.057437;2005-06-04;58;2.299584176;0;50.9259259;80;249;4.14113013;100;4250;0;0
20172005164;4;2005_5;12;51.123944;-71.055551;2005-06-04;58;2.188758898;0;25.9259259;120;281;4.153190836;100;7250;0;0
20192007R042;4;2007_1;12;49.82269;-73.54681;2007-06-22;69;2.159769957;0;27.7777778;111.5;124;10.58551043;100;2000;0;0
20192007P001;4;2007_2;12;50.15801;-71.99815;2007-06-19;68;2.642944091;0;40.7407407;190;95;1.566279674;100;2000;0;0
20192007R020;4;2007_2;12;50.1707;-71.93236;2007-06-18;66;2.275656523;0;45.3703704;95;98;11.21592605;98.28161867;1500;250;0
20182007D059;4;2007_2;11;50.1505;-71.9982;2007-06-19;67;2.105527737;0;51.8518519;195;102;17.22559004;99.99998176;1000;250;0
20192007R002;4;2007_2;12;50.13679;-71.9696;2007-06-19;69;1.866501716;3.296703297;74.0740741;323;100;17.32832877;100;1500;0;0
20192007X003;4;2007_2;12;50.15652;-71.99541;2007-06-19;67;2.597207917;0;52.7777778;200;96;18.95102831;95.09591411;2500;0;500
20192007X004;4;2007_2;12;50.1581;-71.99396;2007-06-19;68;2.53270063;1.098901099;55.5555556;180;99;4.19428191;100;3500;0;250
20192007P005;4;2007_2;12;50.15729;-71.99251;2007-06-19;67;2.493993395;3.296703297;58.3333333;330;95;4.538440281;100;4750;0;0
20192007R025;4;2007_2;12;50.15258;-71.9733;2007-06-18;67;2.201153462;0;42.5925926;185;100;4.930577846;100;1500;750;0
20192007P038;4;2007_2;12;50.16909;-71.9216;2007-06-18;66;2.278652381;3.296703297;35.1851852;152;99;5.864651985;99.99994643;2250;500;0
20192007P049;4;2007_2;12;50.14545;-71.96935;2007-06-19;68;2.226081407;0;55.5555556;210;98;5.923920493;100;3500;0;0
20182007F071;4;2007_2;11;50.14968;-71.99892;2007-06-19;67;2.119434066;0;50.9259259;120;96;7.167089684;100;2000;0;0
20192007P051;4;2007_2;12;50.14538;-71.96556;2007-06-19;69;1.878383723;0;57.4074074;190;99;8.740613872;100;1500;0;0
20192007P040;4;2007_2;12;50.1954;-71.93717;2007-06-19;67;2.026553142;0;64.8148148;150;92;8.853212492;100;3000;0;0
20172007141;4;2007_3;10;51.069411;-71.171895;2007-06-16;66;2.280052062;2.197802198;40.7407407;180;189;10.63996601;99.99760842;3000;0;0
20172007124;4;2007_3;10;51.07852;-71.172933;2007-06-16;66;2.274852083;14.28571429;33.3333333;130;190;10.72667105;97.71604397;2000;0;0
20172007136;4;2007_3;10;51.077936;-71.172495;2007-06-16;66;2.42874458;0;37.962963;90;194;11.44816147;96.33193508;1250;0;0
20172007122;4;2007_3;10;51.084976;-71.173934;2007-06-16;66;2.035067732;0;16.6666667;120;197;12.72577348;91.15903373;2000;0;0
20172007145;4;2007_3;10;51.070036;-71.171511;2007-06-16;66;2.357965146;1.098901099;40.7407407;131;178;13.40883416;100;2250;0;0
20172007127;4;2007_3;10;51.046823;-71.083991;2007-06-18;68;1.621169297;6.593406593;31.4814815;206;168;2.498171976;100;11250;2750;0
20192007P089;4;2007_4;12;50.64653;-70.1622;2007-06-19;70;1.972430511;0;9.2592593;52;88;1.457974827;99.9991381;5250;2000;0
20192007P074;4;2007_4;12;50.53925;-70.22568;2007-06-14;65;1.879090071;0;89.8148148;370;179;18.35460002;94.79020157;2750;0;0
20192007P080;4;2007_4;12;50.58633;-70.22575;2007-06-16;67;1.425177261;2.197802198;30.5555556;75;128.5;3.709141411;73.94178755;7000;0;0
20192007P078;4;2007_4;12;50.58742;-70.22583;2007-06-16;67;1.630584896;0;43.5185185;85;124.5;5.279934769;82.3555808;1000;250;0
20192007P085;4;2007_4;12;50.64482;-70.16356;2007-06-19;70;2.097922478;0;10.1851852;46.5;81.5;6.347045946;88.38007733;3000;250;0
20192007P095;4;2007_4;12;50.5098;-70.15173;2007-06-16;68;1.906159457;5.494505495;95.3703704;340;183;9.158840011;100;4750;0;0
20202007UB086;4;2007_5;13;51.87238;-68.19466;2007-06-16;68;2.131655321;2.197802198;24.0740741;150;119;18.52203437;92.45270895;4000;0;0
20202007UB106;4;2007_5;13;51.83546;-68.23473;2007-06-16;68;1.780897827;0;12.962963;60;120;6.180333386;97.25670634;1500;250;0
20202009MC012;4;2009_1;11;50.662;-68.36392;2009-06-25;74;2.040365232;3.296703297;34.2592593;187;119;2.710074781;99.99988408;2000;0;750
20202009MC007;4;2009_1;11;50.66273;-68.35739;2009-06-25;74;2.07363911;3.296703297;25.9259259;125;119;4.521085336;100;1500;0;0
20182010F070;4;2010_1;8;50.83905;-71.57158;2010-06-25;91;2.397158231;1.098901099;44.4444444;151;228;10.28482464;100;3000;0;0
20182010D029;4;2010_1;8;50.6952;-71.83834;2010-06-22;88;1.573477171;0;31.4814815;100;111;10.86463076;71.96358662;5000;3000;0
20182010D039;4;2010_1;8;50.70196;-71.72866;2010-06-22;88;2.062608349;7.692307692;50.9259259;250;197;11.27986532;95.73389333;8000;0;0
20182010D014;4;2010_1;8;50.72799;-71.69054;2010-06-24;90;2.589176865;0;25;141;154;16.02646284;99.99929431;1000;0;1750
20182010F013;4;2010_1;8;50.72709;-71.69037;2010-06-24;90;2.566616512;0;36.1111111;145;151;17.22923115;99.99691853;1500;0;0
20182010F005;4;2010_1;8;50.73046;-71.74277;2010-06-22;88;2.484761973;0;27.7777778;99;262;18.95583102;97.97532052;1750;0;0
20182010D032;4;2010_1;8;50.82865;-71.65285;2010-06-23;89;2.048070759;0;21.2962963;100;157;20.03619658;99.99899652;4000;0;0
20182010D087;4;2010_1;8;50.82696;-71.59758;2010-06-23;89;2.368999351;0;47.2222222;150;147;26.35924154;100;3000;0;250
20182010D086;4;2010_1;8;50.82254;-71.59798;2010-06-23;89;2.057995449;0;40.7407407;265;152;27.23832523;97.33254631;3000;0;0
20182010F032;4;2010_1;8;50.73294;-71.67236;2010-06-24;90;2.264700409;0;12.962963;180;152;27.55832869;82.56626319;2000;0;0
20182010F019;4;2010_1;8;50.72344;-71.69535;2010-06-24;90;1.594663213;0;43.5185185;112.5;152;27.59193588;98.68196576;29750;0;0
20182010F055;4;2010_1;8;50.71512;-71.73682;2010-06-22;88;1.991796596;0;27.7777778;100;202;3.48952521;100;1500;0;0
20182010D003;4;2010_1;8;50.70334;-71.79337;2010-06-22;88;2.228035689;0;16.6666667;72;100;5.113504952;86.00806617;1500;1000;0
20182010D056;4;2010_1;8;50.84005;-71.57236;2010-06-25;91;2.448927563;0;45.3703704;170;251;5.589242664;100;1000;0;0
20172010190;4;2010_1;7;50.712152;-71.831498;2010-06-23;89;2.186110757;3.296703297;31.4814815;107;103;6.817254613;91.72324278;4000;11250;0
20182010F064;4;2010_1;8;50.711074;-71.837612;2010-06-23;89;1.84697241;0;16.6666667;63;112;7.481991186;100;6750;0;0
20172010186;4;2010_1;7;50.728616;-71.809722;2010-06-23;89;2.410521081;0;22.2222222;130;109;7.575199285;92.25254207;1750;5750;0
20182010F035;4;2010_1;8;50.69728;-71.83826;2010-06-22;88;2.134566457;3.296703297;38.8888889;150;111;8.03822829;86.14075519;3750;500;0
20182010D051;4;2010_1;8;50.74997;-71.69923;2010-06-24;90;2.248426304;0;20.3703704;67.5;148;8.40334894;100;1500;500;0
20182010F063;4;2010_1;8;50.74989;-71.70291;2010-06-24;90;2.11418203;1.098901099;23.1481481;181.5;147;9.297516209;94.24782397;4750;750;0
20182010D057;4;2010_1;8;50.83966;-71.57096;2010-06-25;91;2.474558729;0;49.0740741;165;257;9.434455892;88.25339862;3500;0;0
201720102;4;2010_2;7;49.71175334;-71.34533898;2010-05-19;57;2.553516944;6.593406593;53.7037037;160;96;12.81603128;93.30965064;1750;5000;500
201720104;4;2010_2;7;49.70413512;-71.34056406;2010-05-19;57;2.599662609;2.197802198;50;200;95;19.15268712;83.04865749;1750;0;0
20202011MG028;4;2011_1;9;50.64334;-67.71381;2011-06-15;45;2.181977543;1.098901099;75;176;217;10.87358352;95.85017501;2750;0;2000
20202011MG035;4;2011_1;9;50.63783;-67.68459;2011-06-15;49;2.181442136;0;9.2592593;200;158;11.08990104;97.08790581;1250;0;1000
20202011MG030;4;2011_1;9;50.64092;-67.71254;2011-06-15;47;2.275278984;2.197802198;66.6666667;200;196;13.76325296;97.1653735;1500;0;0
20202011MG041;4;2011_1;9;50.63498;-67.67975;2011-06-15;49;1.960226107;0;59.2592593;290;269;9.724776784;100;2000;0;0
20202013UA115;4;2013_2;7;51.68691;-68.105;2013-07-10;92;1.699316843;0;11.1111111;38;127;10.31394093;100;2000;250;0
20202013UA083;4;2013_2;7;51.74239;-68.04252;2013-07-10;93;2.09749314;2.197802198;54.6296296;240;118;3.998659626;99.97729954;5500;4000;250
20202013UA079;4;2013_2;7;51.74212;-68.0378;2013-07-10;92;2.13078992;0;48.1481481;150;123;6.932008207;88.72725964;2750;1500;0
20202013UA114;4;2013_2;7;51.68631;-68.10303;2013-07-10;92;1.707936328;0;12.962963;61;127;7.721073481;100;1250;250;0
20202013UA117;4;2013_2;7;51.68749;-68.10371;2013-07-10;92;1.72808774;0;11.1111111;60;127;8.471783832;100;1000;2000;0
2017199516;5;1995_1;22;50.24716526;-70.97558599;1995-08-11;105;2.463648579;6.593406593;84.2592593;307;223;7.447567174;89.38085062;4000;0;0
20192005R039;5;2005_1;14;50.00242;-73.21211;2005-06-06;38;2.049673782;7.692307692;69.4444444;272.5;185;13.00615496;99.99990338;3500;5250;0
20192005R032;5;2005_1;14;50.04475;-73.19494;2005-06-05;39;1.930631558;0;80.5555556;255;182;17.24133806;100;2250;0;0
20192005X024;5;2005_2;14;50.49714;-72.60226;2005-06-03;38;2.278412152;12.08791209;74.0740741;226;119;11.25564363;83.45368429;8000;0;0
20192005R012;5;2005_2;14;50.4221;-72.49847;2005-06-05;36;2.207943586;1.098901099;79.6296296;139.5;105;13.5514609;100;1500;0;0
20192005X026;5;2005_2;14;50.5055;-72.60521;2005-06-03;38;1.997674802;14.28571429;50.9259259;130;85;3.210880048;99.99990216;11250;6500;0
20192005P012;5;2005_3;14;50.24437;-72.35958;2005-06-03;34;2.529652131;4.395604396;82.4074074;226;91;4.651285516;96.6223299;4000;250;250
20192005R028;5;2005_3;14;50.24578;-72.35575;2005-06-03;34;2.260751138;9.89010989;46.2962963;510;140;6.10550928;99.99814765;5000;4250;0
20182005F092;5;2005_4;13;50.2822;-72.12559;2005-06-05;45;2.394615792;1.098901099;17.5925926;56.25;58.5;2.766899915;85.03134495;2000;2000;0
20182005D065;5;2005_4;13;50.32959;-72.05874;2005-06-04;38;2.399847958;14.28571429;39.8148148;238.5;146;6.898220374;64.17732966;10750;16250;0
20172005159;5;2005_5;12;51.12200939;-71.05753586;2005-06-04;58;2.144574386;4.395604396;47.2222222;240;269;11.81123118;95.36432555;9500;0;0
20172005174;5;2005_5;12;51.134157;-71.031366;2005-06-04;58;2.012717308;0;42.5925926;130;275;12.40999052;100;3500;0;0
20192007P062;5;2007_1;12;49.82347;-73.58049;2007-06-22;68;2.076284974;0;72.2222222;241;184;13.16977462;100;1250;0;250
20192007P063;5;2007_1;12;49.82466;-73.58168;2007-06-22;68;1.885666297;0;72.2222222;195;237;15.3120371;100;2500;0;0
20192007R041;5;2007_1;12;49.82347;-73.54821;2007-06-22;69;1.938147624;0;36.1111111;161;244;19.09197039;100;3000;1500;0
20192007P020;5;2007_2;12;50.13572;-71.96941;2007-06-19;69;2.413893052;0;62.037037;201;97;10.35683513;100;1750;0;0
20192007X005;5;2007_2;12;50.15837;-71.9922;2007-06-19;68;1.412531999;9.89010989;78.7037037;220;96;4.534006251;100;2000;0;0
20192007X017;5;2007_2;12;50.13433;-71.96973;2007-06-19;69;2.294019804;2.197802198;58.3333333;230;119.5;13.44218837;100;3000;0;0
20192007X001;5;2007_2;12;50.15839;-71.9967;2007-06-19;68;2.45377481;0;2.7777778;201;96;0.720028769;100;17250;0;0
20192007R019;5;2007_2;12;50.17211;-71.93378;2007-06-18;67;2.355515569;6.593406593;69.4444444;261;97;11.44597312;100;4000;250;1000
20192007P004;5;2007_2;12;50.15705;-71.99412;2007-06-19;68;2.658276571;3.296703297;38.8888889;210;97;18.5201337;98.54524289;2000;0;0
20192007P052;5;2007_2;12;50.14624;-71.96801;2007-06-19;68;1.842607407;6.593406593;73.1481481;360;97;6.669189605;100;2750;0;0
20192007P036;5;2007_2;12;50.17286;-71.91914;2007-06-18;66;2.0041453;0;58.3333333;160;99;7.20763901;91.72326252;1750;250;0
20172007153;5;2007_3;10;51.080217;-71.141423;2007-06-16;66;2.349947501;0;37.037037;227;187;12.11858207;100;5250;0;0
20172007139;5;2007_3;10;51.069692;-71.168416;2007-06-16;66;2.296202879;3.296703297;18.5185185;112;132;15.2446831;86.82765013;3250;0;0
20172007146;5;2007_3;10;51.070649;-71.172116;2007-06-16;66;2.275173482;2.197802198;34.2592593;128;156;2.941017198;93.94307211;3500;0;0
20172007101;5;2007_3;10;51.104246;-71.080359;2007-06-16;67;1.648953494;0;12.037037;70;169;4.216918824;63.04944628;1750;1000;0
20172007131;5;2007_3;10;51.047954;-71.082296;2007-06-18;68;2.116235347;1.098901099;25.9259259;197;143;5.486229833;100;8000;13000;0
20172007116;5;2007_3;10;51.104518;-71.078423;2007-06-16;66;1.893035163;1.098901099;16.6666667;50;156;5.891010978;100;1500;0;0
20172007132;5;2007_3;10;51.048753;-71.083073;2007-06-18;68;2.089864221;4.395604396;13.8888889;90;91;6.048513882;90.18696958;10000;13000;0
20172007133;5;2007_3;10;51.048468;-71.084182;2007-06-18;68;2.023723533;3.296703297;21.2962963;108;66;6.08827387;67.83810806;2500;10500;0
20172007107;5;2007_3;10;51.103025;-71.077718;2007-06-16;67;2.163459707;3.296703297;13.8888889;80;188;7.256338584;100;2000;0;0
20172007112;5;2007_3;10;51.094568;-71.098514;2007-06-16;67;1.886779451;2.197802198;44.4444444;150;191;8.917824841;100;4000;0;0
20172007110;5;2007_3;10;51.096446;-71.101097;2007-06-16;66;1.963053615;1.098901099;48.1481481;160;185;9.568114219;100;5000;0;0
20192007P077;5;2007_4;12;50.58669;-70.22727;2007-06-16;67;1.245825682;6.593406593;27.7777778;100;157;0.985120313;51.65938498;11750;2000;0
20202007UB108;5;2007_5;13;51.83492;-68.23347;2007-06-16;68;1.8018853;0;16.6666667;60;118;3.096429459;61.05742114;4750;250;0
20202009MC020;5;2009_1;11;50.64434;-68.36176;2009-06-25;73;2.250149762;4.395604396;21.2962963;208;123;21.76974016;96.01960584;7750;0;250
20202009MC068;5;2009_1;11;50.62464;-68.34715;2009-06-24;70;2.075301266;0;8.3333333;60;123;26.33567489;92.32212185;4000;0;250
20202009MC021;5;2009_1;11;50.6415;-68.35614;2009-06-25;73;2.506097459;0;0;180;118;29.18304356;72.93936628;2750;0;1500
20172010199;5;2010_1;7;50.730571;-71.808116;2010-06-23;89;2.272517171;0;48.1481481;150;109;10.12219711;100;1750;250;0
20182010D010;5;2010_1;8;50.72654;-71.74197;2010-06-22;88;2.392656036;6.593406593;23.1481481;140;252;11.63484726;100;1500;0;0
20182010F039;5;2010_1;8;50.71985;-71.70145;2010-06-24;90;2.108764805;1.098901099;47.2222222;157;139;12.12602355;93.88042739;6000;0;0
20182010D036;5;2010_1;8;50.724169;-71.671892;2010-06-24;90;2.193600613;0;24.0740741;130;150;12.38026481;100;2500;0;0
20182010F037;5;2010_1;8;50.82853;-71.6502;2010-06-23;89;2.442519313;3.296703297;1.8518519;148;157;12.52359215;69.4577804;6750;0;750
20182010F029;5;2010_1;8;50.72011;-71.7043;2010-06-24;90;2.354200009;0;22.2222222;87;203.5;14.30190657;84.86703586;1750;250;0
20182010D021;5;2010_1;8;50.71203;-71.69183;2010-06-24;90;2.415302274;5.494505495;50.9259259;155;252;15.51618175;93.83212318;1250;0;1000
20182010F094;5;2010_1;8;50.82159;-71.60044;2010-06-23;89;1.983826455;0;48.1481481;106.2;179.5;17.29739429;95.48909813;3250;0;0
20182010F004;5;2010_1;8;50.73119;-71.74197;2010-06-22;88;2.375892285;0;34.2592593;200;274;17.36004316;99.99536746;1250;0;0
20182010D019;5;2010_1;8;50.7242;-71.69628;2010-06-24;90;1.563155527;4.395604396;43.5185185;200;148;19.91149184;100;14250;0;0
20182010D085;5;2010_1;8;50.82201;-71.59908;2010-06-23;89;1.897333372;0;48.1481481;190;145;21.08684346;91.29013078;5000;0;0
20182010D040;5;2010_1;8;50.70359;-71.72609;2010-06-22;88;2.283947085;0;20.3703704;100;201;6.025499976;100;2000;0;0
20182010D030;5;2010_1;8;50.69448;-71.83828;2010-06-22;88;1.633578722;3.296703297;39.8148148;130;110;6.387733502;73.21497453;3250;2750;250
20172010198;5;2010_1;7;50.713383;-71.833386;2010-06-23;89;1.611150051;0;12.037037;84;107;8.001365626;71.78231436;2000;10250;0
20182010D002;5;2010_1;8;50.70471;-71.79317;2010-06-22;88;2.09082196;0;22.2222222;146;105;8.24179252;100;3000;2750;0
20182010F053;5;2010_1;8;50.73439;-71.67447;2010-06-24;90;1.927675821;0;47.2222222;180;144;8.809706927;100;2750;0;0
20172010201;5;2010_1;7;50.728463;-71.773694;2010-06-23;89;2.429978681;1.098901099;8.3333333;206;257;9.64035119;93.30919734;3750;250;1000
20202013MF049;5;2013_1;7;50.38768;-67.974098;2013-07-09;80;2.431600227;9.89010989;38.8888889;210;254;11.30303928;80.27788026;5250;0;2250
20202013UA076;5;2013_2;7;51.75861;-68.01015;2013-07-10;93;2.149153627;0;40.7407407;107;123;10.68531492;83.28522102;5000;1000;0
20202013UA081;5;2013_2;7;51.74116;-68.03751;2013-07-10;92;2.19198645;0;25.9259259;150;125;11.7247196;94.13873107;2500;2250;0
20202013UA116;5;2013_2;7;51.68718;-68.10174;2013-07-10;92;1.778340034;0;12.037037;157;127;3.181828167;100;3750;250;0
20202013UA071;5;2013_2;7;51.76143;-67.99562;2013-07-10;92;1.479920709;2.197802198;41.6666667;592;121;5.804561165;95.051985;17250;0;0
20202013UA101;5;2013_2;7;51.68943;-68.10857;2013-07-10;92;1.739928654;1.098901099;52.7777778;209;125;8.510676754;100;8500;0;0
20202013UA092;5;2013_2;7;51.70855;-68.07592;2013-07-10;92;2.272645162;0;52.7777778;120;112;9.286339992;100;3750;0;0
20202002MD061;6;2002_1;18;50.70395;-68.40544;2002-07-10;58;2.461256476;12.08791209;30.5555556;130;194;10.11390627;73.57181426;3500;0;6500
20202002MD057;6;2002_1;18;50.70483;-68.40199;2002-07-10;56;2.481327759;15.38461538;12.037037;150;156;9.334191166;63.2096732;4500;0;2500
20192005R008;6;2005_2;14;50.49573;-72.60599;2005-06-03;38;2.414305804;2.197802198;82.4074074;300;119;15.78224404;89.31545843;8500;0;0
20192005P015;6;2005_3;14;50.25997;-72.34375;2005-06-03;36;2.518453816;0;44.4444444;190;91;22.85114323;97.57608661;2250;0;750
20182005F080;6;2005_4;13;50.32814;-72.06475;2005-06-04;38;2.269678307;2.197802198;41.6666667;120;83;6.700637736;70.49598124;2500;1750;0
20202005MB070;6;2005_6;15;50.59253;-68.6993;2005-06-02;44;2.121747733;0;71.2962963;80.5;153;15.94432155;100;7000;0;0
20192007P002;6;2007_2;12;50.15699;-71.99751;2007-06-19;68;2.547679652;2.197802198;49.0740741;180;100;16.50523926;99.99998097;8250;0;1500
20192007R018;6;2007_2;12;50.19632;-71.93595;2007-06-19;67;2.295168611;10.98901099;64.8148148;234.5;189;19.26213869;99.9958249;8000;0;0
20192007P043;6;2007_2;12;50.17364;-71.93176;2007-06-18;67;1.595104512;2.197802198;48.1481481;145.5;100;2.663085975;99.99799458;4500;1250;500
20192007R004;6;2007_2;12;50.13843;-71.97029;2007-06-19;69;2.476817225;16.48351648;82.4074074;294;98;6.474234124;100;8250;0;0
20192007P042;6;2007_2;12;50.17289;-71.93297;2007-06-18;66;1.658646441;8.791208791;70.3703704;370;95;7.318360528;100;6250;500;0
20172007121;6;2007_3;10;51.085561;-71.173986;2007-06-16;66;1.560328644;0;33.3333333;130;191;9.217986826;81.65260802;3500;0;0
20172007154;6;2007_3;10;51.081103;-71.141564;2007-06-16;66;2.394698411;0;40.7407407;124;194;11.8656397;95.63140127;3000;250;0
20172007108;6;2007_3;10;51.095963;-71.098978;2007-06-16;66;2.175665179;0;39.8148148;180;186;16.66024149;100;6500;250;0
20172007152;6;2007_3;10;51.079602;-71.142643;2007-06-16;66;2.111041881;12.08791209;38.8888889;248;200;18.17918208;100;4750;0;0
20172007126;6;2007_3;10;51.076667;-71.173448;2007-06-16;66;2.210430803;32.96703297;33.3333333;190;190;20.2981065;100;3000;0;0
20172007128;6;2007_3;10;51.046501;-71.083438;2007-06-18;68;1.818219751;0;13.8888889;50;105;3.956228441;83.5949909;3500;8750;0
20172007138;6;2007_3;10;51.071136;-71.168647;2007-06-16;66;1.71017793;34.06593407;64.8148148;180;181;5.755436832;61.58217784;7250;0;0
20172007143;6;2007_3;10;51.070444;-71.169999;2007-06-16;66;2.296044391;2.197802198;34.2592593;170;187;8.820905935;95.93328052;3750;0;0
20192007P083;6;2007_4;12;50.5894;-70.2256;2007-06-16;67;2.004729212;14.28571429;33.3333333;330;157;1.458073002;77.93439489;24250;250;0
20192007P086;6;2007_4;12;50.6454;-70.16254;2007-06-19;70;1.835465686;0;15.7407407;56;99;4.702964721;82.25612563;4500;2250;0
20192007P093;6;2007_4;12;50.50915;-70.15381;2007-06-16;68;1.413973819;19.78021978;67.5925926;287.7777778;174;8.317488418;100;29250;1750;0
20202007UB089;6;2007_5;13;51.89708;-68.26295;2007-06-16;68;1.819525991;0;16.6666667;120;201;10.30764518;98.40903113;4250;0;0
20202009MC067;6;2009_1;11;50.63428;-68.35017;2009-06-25;74;2.369850789;0;10.1851852;65;121;31.43263071;97.89365294;3000;0;0
20182010F065;6;2010_1;8;50.712091;-71.837269;2010-06-23;89;2.066490364;0;21.2962963;100;104;12.47732748;100;7000;0;0
20182010F049;6;2010_1;8;50.70318;-71.72807;2010-06-22;88;2.252751869;4.395604396;33.3333333;140;207;12.75723241;98.16563407;13750;0;0
20182010D028;6;2010_1;8;50.73215;-71.67294;2010-06-24;90;2.384874509;0;36.1111111;129;125;12.88779938;78.66635435;4000;0;500
20182010F067;6;2010_1;8;50.72839;-71.83813;2010-06-23;89;2.052519889;0;16.6666667;120;169.5;2.716437292;100;3000;500;0
20172010189;6;2010_1;7;50.730413;-71.80939;2010-06-23;89;2.152639254;0;24.0740741;80;107;2.728502792;74.98846396;1750;18750;0
20182010D015;6;2010_1;8;50.72745;-71.6917;2010-06-24;90;2.425588955;7.692307692;53.7037037;290;186;20.25716367;96.30342775;13500;0;0
20182010F041;6;2010_1;8;50.718009;-71.701223;2010-06-24;90;1.805531709;0;39.8148148;260;149;20.4807909;100;4000;500;250
20182010F017;6;2010_1;8;50.73248;-71.68813;2010-06-24;90;2.124133427;34.06593407;56.4814815;240;257;21.87984122;81.13235626;20250;0;250
20182010F012;6;2010_1;8;50.727806;-71.689095;2010-06-24;90;1.893548127;4.395604396;33.3333333;252;151;37.34205432;99.9892325;34250;0;0
20182010D053;6;2010_1;8;50.75139;-71.70219;2010-06-24;90;2.09267149;8.791208791;33.3333333;135;153;4.116530624;100;9750;2000;0
20172010193;6;2010_1;7;50.714145;-71.832975;2010-06-23;89;2.245759506;1.098901099;22.2222222;100;109;5.733019409;66.17727303;4250;14750;0
20172010195;6;2010_1;7;50.712467;-71.833426;2010-06-23;89;2.073004351;0;41.6666667;97;109;5.933771955;55.04430482;15250;21750;0
20182010F016;6;2010_1;8;50.732495;-71.686545;2010-06-24;90;2.42506486;13.18681319;42.5925926;270;149;6.05426126;99.99813197;20000;0;0
20172010187;6;2010_1;7;50.728023;-71.808511;2010-06-23;89;2.416474272;0;18.5185185;89;104;6.830326055;90.86576838;2500;2500;0
20182010F057;6;2010_1;8;50.71688;-71.73569;2010-06-22;88;2.116599403;10.98901099;30.5555556;160;209;6.994685344;100;12500;0;0
20182010F069;6;2010_1;8;50.83829;-71.57262;2010-06-25;91;2.388749427;0;42.5925926;300;211;7.61172641;77.36576034;3750;0;0
20182010D001;6;2010_1;8;50.70538;-71.79143;2010-06-22;88;1.939222541;0;22.2222222;90;197;8.692304026;91.25945051;7000;250;0
20182010D004;6;2010_1;8;50.7055;-71.79316;2010-06-22;88;2.168859196;0;13.8888889;95;105;9.388327882;88.7382639;2250;2250;0
20182010D058;6;2010_1;8;50.83841;-71.56991;2010-06-25;91;2.285325224;0;44.4444444;150;256;9.457727242;91.61243022;3500;0;0
20172010185;6;2010_1;7;50.726887;-71.807273;2010-06-23;89;2.007496049;1.098901099;19.4444444;100;110;9.524022718;100;4000;250;0
201720107;6;2010_2;7;49.70517489;-71.34255501;2010-05-19;57;2.469517502;3.296703297;33.3333333;102;89;24.6040579;79.25962412;8250;1750;2250
20202013UA102;6;2013_2;7;51.69001;-68.11097;2013-07-10;92;1.640254646;5.494505495;44.4444444;106;125;11.7279955;100;6250;0;0
20202013UA113;6;2013_2;7;51.76072;-68.09398;2013-07-10;92;1.826488249;0;44.4444444;210;125;14.61619782;68.42074922;6750;4750;250
20202013UA074;6;2013_2;7;51.76025;-67.99613;2013-07-10;92;2.022516111;15.38461538;52.7777778;340;271;17.07946198;95.63329366;8750;750;0
20202013UA082;6;2013_2;7;51.74251;-68.04461;2013-07-10;93;2.31182855;2.197802198;59.2592593;230;122;5.686381504;89.52628553;4000;4250;0
20202013UA097;6;2013_2;7;51.70761;-68.06956;2013-07-09;91;2.046499227;0;50;85;115.5;8.878749716;88.36495228;3750;54250;0
20202002MD060;7;2002_1;18;50.70189;-68.40823;2002-07-10;58;2.462536884;30.76923077;48.1481481;70;270;6.822542541;60.66026;3250;0;4250
20192005R013;7;2005_2;14;50.42222;-72.49692;2005-06-05;36;1.832608836;5.494505495;62.962963;405;323;5.478768546;100;26750;0;0
20182005D079;7;2005_4;13;50.27863;-72.13625;2005-06-05;45;2.031330831;0;55.5555556;530;76.5;5.596079556;96.70727111;16500;8250;0
20202005MB069;7;2005_6;15;50.59225;-68.70071;2005-06-02;44;1.528406305;6.593406593;73.1481481;220;145;11.90867479;95.67335134;14250;0;0
20192007P030;7;2007_2;12;50.22311;-71.93688;2007-06-19;68;2.23519842;5.494505495;85.1851852;203;163;12.64814845;100;5250;0;0
20192007X002;7;2007_2;12;50.15755;-71.99577;2007-06-19;67;2.592066703;5.494505495;79.6296296;241;97;13.02528726;100;4500;0;0
20192007R017;7;2007_2;12;50.19539;-71.93577;2007-06-19;67;2.125104316;7.692307692;65.7407407;270.5;240;21.29603506;100;10750;0;250
20192007R005;7;2007_2;12;50.13911;-71.96923;2007-06-19;69;2.278253441;0;0;308.5;97;7.290493813;100;4500;0;0
20182007D061;7;2007_2;11;50.15232;-71.99644;2007-06-19;67;2.196548555;10.98901099;54.6296296;167;99;8.829442415;95.27824916;8250;0;0
20192007P031;7;2007_2;12;50.22368;-71.93835;2007-06-19;69;2.412173452;6.593406593;50.9259259;140;148;9.75707393;97.31834043;3250;0;500
20172007142;7;2007_3;10;51.069593;-71.169904;2007-06-16;66;2.231013883;1.098901099;44.4444444;152;180;10.25783444;93.58985797;7750;0;0
20172007137;7;2007_3;10;51.076992;-71.17228;2007-06-16;66;2.267548638;10.98901099;45.3703704;200;188;11.25779718;77.35351044;16500;0;0
20172007155;7;2007_3;10;51.082132;-71.141902;2007-06-16;66;2.416977379;1.098901099;37.962963;160;195;11.93827433;93.17191241;6000;250;0
20172007115;7;2007_3;10;51.093188;-71.100651;2007-06-16;66;1.962744335;0;29.6296296;280;197;17.65532914;98.17935961;3250;0;0
20172007150;7;2007_3;10;51.080743;-71.143012;2007-06-16;66;1.875702505;18.68131868;37.962963;225;184;27.27998926;100;12500;0;0
20172007134;7;2007_3;10;51.049184;-71.084705;2007-06-18;68;1.938284397;4.395604396;24.0740741;180;65;4.508010041;92.41268673;6500;25750;0
20172007103;7;2007_3;10;51.10295;-71.079831;2007-06-16;67;2.110339428;0;5.5555556;80;163;5.759935809;100;5000;0;0
20172007129;7;2007_3;10;51.048804;-71.085684;2007-06-18;68;1.834632477;17.58241758;28.7037037;140;83;6.367633821;72.5182681;18000;17750;0
20172007118;7;2007_3;10;51.079475;-71.17564;2007-06-16;66;2.221331764;4.395604396;22.2222222;130;192;8.279290624;100;7000;0;0
20172007140;7;2007_3;10;51.070461;-71.168485;2007-06-16;66;2.171848086;3.296703297;33.3333333;130;68;8.375683295;95.11588186;5250;0;0
20202009MC025;7;2009_1;11;50.63242;-68.35178;2009-06-25;73;2.395605802;0;4.6296296;115;122;32.79296168;100;3000;0;2000
20172010202;7;2010_1;7;50.728123;-71.774346;2010-06-23;89;2.511621809;0;14.8148148;150;210;11.34439106;71.08203792;2750;0;1250
20182010D031;7;2010_1;8;50.82962;-71.65224;2010-06-23;89;1.798575015;0;25;124.4;151;12.68134566;95.06634289;2250;0;250
20182010F038;7;2010_1;8;50.82814;-71.65408;2010-06-23;89;2.059867616;0;5.5555556;126;135;16.32748793;52.29803893;6500;0;0
20182010D024;7;2010_1;8;50.82991;-71.64873;2010-06-23;89;2.374564065;0;9.2592593;201;155;19.3830429;71.1927591;9500;0;1500
20182010F097;7;2010_1;8;50.82844;-71.59655;2010-06-23;89;2.159654132;3.296703297;63.8888889;170;193;19.97358071;83.56479922;3500;0;750
20182010D018;7;2010_1;8;50.73085;-71.68868;2010-06-24;90;2.068826018;34.06593407;64.8148148;330;249;21.20462649;98.98942924;9500;0;0
20182010D006;7;2010_1;8;50.706765;-71.794014;2010-06-22;88;1.91722396;19.78021978;31.4814815;180;201;21.32937757;98.60430348;13250;2000;0
20182010D088;7;2010_1;8;50.82615;-71.59699;2010-06-23;89;2.334330588;2.197802198;37.962963;160;200;30.05550321;96.8364094;10000;0;500
20182010D033;7;2010_1;8;50.720606;-71.701139;2010-06-24;90;1.972911533;3.296703297;62.962963;260;141;31.35109459;96.83609797;22250;250;750
20182010D046;7;2010_1;8;50.71811;-71.73724;2010-06-22;88;2.11231082;7.692307692;32.4074074;250;201;5.460540238;100;7000;0;0
20172010203;7;2010_1;7;50.727874;-71.777088;2010-06-23;89;2.407314865;15.38461538;42.5925926;340;213;7.139929011;75.32387936;5250;0;0
20172010183;7;2010_1;7;50.727146;-71.80904;2010-06-23;89;1.966854089;0;12.962963;80;103;8.665774283;100;3000;750;0
20172010192;7;2010_1;7;50.714162;-71.832159;2010-06-23;89;2.223694517;2.197802198;48.1481481;170;97;9.227275868;90.92072125;5750;1000;0
201720106;7;2010_2;7;49.70438205;-71.34189242;2010-05-19;57;2.608939632;2.197802198;24.0740741;87;98;26.66648857;90.29928572;4750;1250;2500
20202011MG032;7;2011_1;9;50.64016;-67.71152;2011-06-15;49;2.041564315;0;56.4814815;310;219;12.83030508;64.63886075;9000;0;750
20202011MG038;7;2011_1;9;50.63275;-67.68561;2011-06-15;47;2.303646695;12.08791209;53.7037037;248;204;19.06362143;85.1091969;9750;0;500
20202013UA098;7;2013_2;7;51.70856;-68.06895;2013-07-09;91;2.121966805;0;39.8148148;250;123;29.42582822;96.6779022;3750;750;0
2017199511;8;1995_1;22;50.24799993;-70.97305993;1995-08-11;105;2.360443333;0;37.037037;170;197;13.82162372;100;3000;0;0
20202002MD059;8;2002_1;18;50.70327;-68.40121;2002-07-10;56;2.136804971;26.37362637;44.4444444;300;155;12.24828257;89.15323556;8750;0;750
20192005X015;8;2005_3;14;50.2628;-72.36031;2005-06-03;34;2.741282914;6.593406593;11.1111111;147.6666667;91;25.59337651;89.95600061;10500;500;4000
20192005P011;8;2005_3;14;50.24415;-72.36143;2005-06-03;34;2.322596711;16.48351648;48.1481481;210;144;16.27435102;70.89905504;7250;0;2250
20192005X006;8;2005_3;14;50.25123;-72.35946;2005-06-03;34;2.453405715;9.89010989;48.1481481;290;146;19.21142946;98.37827614;19000;1000;0
20192005P017;8;2005_3;14;50.26223;-72.35835;2005-06-03;34;2.742639404;0;11.1111111;160;90;25.60735231;82.55667891;7000;0;1000
20172005160;8;2005_5;12;51.12114044;-71.05678786;2005-06-04;58;2.232419234;3.296703297;47.2222222;130;330;4.151382684;100;19250;0;0
20172005169;8;2005_5;12;51.1028;-71.013265;2005-06-04;58;1.701108331;9.89010989;45.3703704;330;271;5.751086699;100;44250;0;0
20192007R003;8;2007_2;12;50.13803;-71.9688;2007-06-19;69;2.446171348;3.296703297;48.1481481;290;101;26.83092981;99.5959596;7750;0;250
20192007X021;8;2007_2;12;50.14283;-71.96966;2007-06-19;68;1.980599351;12.08791209;79.6296296;580;98;1.967808247;91.73872512;17000;0;0
20172007151;8;2007_3;10;51.080031;-71.142697;2007-06-16;66;2.042723989;14.28571429;19.4444444;170;184;10.92804622;98.01888562;14250;0;0
20172007113;8;2007_3;10;51.094041;-71.10049;2007-06-16;66;2.042868612;16.48351648;36.1111111;330;183;13.83677822;86.24286741;23500;0;0
20172007149;8;2007_3;10;51.081549;-71.139814;2007-06-16;66;2.501775504;1.098901099;18.5185185;230;192;17.70480394;64.41671259;14500;0;250
20172007114;8;2007_3;10;51.093869;-71.101176;2007-06-16;66;2.203291304;39.56043956;53.7037037;370;179;19.65278966;91.37708348;15250;0;0
20172007135;8;2007_3;10;51.049088;-71.083615;2007-06-18;68;2.015957135;2.197802198;53.7037037;210;81;3.429343466;92.61635746;13750;4500;0
20172007147;8;2007_3;10;51.079952;-71.140271;2007-06-16;66;2.451336993;16.48351648;54.6296296;340;203;9.49930173;94.42390149;12250;0;0
20192007P073;8;2007_4;12;50.53946;-70.22411;2007-06-14;66;2.252747259;6.593406593;58.3333333;320;197;11.62198166;60.98151643;11000;500;1000
20202009MC018;8;2009_1;11;50.64341;-68.36042;2009-06-25;73;2.313653737;0;21.2962963;170;123;26.50605683;82.03010121;5000;0;500
20182010F034;8;2010_1;8;50.69633;-71.83863;2010-06-22;88;1.655061217;7.692307692;60.1851852;190;108;10.13263881;96.58884172;15000;500;0
20182010D022;8;2010_1;8;50.83244;-71.64536;2010-06-23;89;2.051248181;0;48.1481481;270;272;10.87281697;79.35491944;5250;0;0
20172010188;8;2010_1;7;50.728349;-71.807274;2010-06-23;89;2.24657411;3.296703297;38.8888889;300;192;12.20927572;100;17250;3500;0
20182010F023;8;2010_1;8;50.83077;-71.64819;2010-06-23;89;2.352034398;6.593406593;30.5555556;120;159;19.39818303;98.93755972;11250;0;0
20182010F024;8;2010_1;8;50.83058;-71.64978;2010-06-23;89;2.343526585;0;28.7037037;110;153;20.57715612;78.03121952;7250;0;1000
20182010F096;8;2010_1;8;50.82775;-71.59724;2010-06-23;89;2.398143138;0;51.8518519;220;146;21.90200359;99.99975615;3500;0;250
20182010D023;8;2010_1;8;50.8327;-71.64695;2010-06-23;89;1.838020315;0;48.1481481;231;257;24.90578355;91.65650438;10250;0;0
20182010D026;8;2010_1;8;50.7212;-71.70189;2010-06-24;90;1.972817328;2.197802198;39.8148148;240;150;6.909984069;100;15250;250;500
201720108;8;2010_2;7;49.7062466;-71.34231445;2010-05-19;57;2.435211528;0;39.8148148;200;94;23.84992479;70.74409908;17250;750;2500
20202013MF048;8;2013_1;7;50.38995;-67.97324;2013-07-09;79;2.311072602;0;18.5185185;80;185;12.42270381;94.0096408;5500;0;3500
20202013UA090;8;2013_2;7;51.70804;-68.07432;2013-07-10;92;2.338441783;0;63.8888889;230;124;14.40051097;89.30935449;16000;250;0
20192005R001;9;2005_2;14;50.49419;-72.68739;2005-06-02;37;2.642582905;15.38461538;64.8148148;200;114;16.27362845;99.99843633;24500;0;4250
20192005P034;9;2005_2;14;50.41992;-72.49725;2005-06-05;36;1.687713646;45.05494505;73.1481481;300;184;9.91321503;93.67023132;30750;0;0
20192005X014;9;2005_3;14;50.26356;-72.35918;2005-06-03;34;2.709903432;0;7.4074074;150;93;27.64582519;91.6277786;4250;0;5500
20172005166;9;2005_5;12;51.101879;-71.014357;2005-06-04;58;1.809895135;16.48351648;28.7037037;337;279;6.657681383;100;69250;0;0
20172005157;9;2005_5;12;51.12449965;-71.05911207;2005-06-04;58;2.078982326;14.28571429;39.8148148;310;331;6.839056311;100;49750;0;0
20172005163;9;2005_5;12;51.124493;-71.056788;2005-06-04;58;2.487558296;3.296703297;32.4074074;140;292;8.646747026;100;21750;0;0
20192007X018;9;2007_2;12;50.13406;-71.96841;2007-06-19;69;2.216979351;15.38461538;80.5555556;400;180;10.69516695;91.06792536;9000;0;0
20172007117;9;2007_3;10;51.093489;-71.099987;2007-06-16;66;2.119592066;17.58241758;56.4814815;260;196;16.26033183;91.63185856;14500;0;0
20172007130;9;2007_3;10;51.047372;-71.082353;2007-06-18;68;1.916950939;8.791208791;26.8518519;700;217;5.5997717;100;31000;11500;0
20192007P075;9;2007_4;12;50.53995;-70.22669;2007-06-13;64;1.908293226;0;76.8518519;229.9;163;27.10776063;98.99383553;13500;0;0
20202007UB085;9;2007_5;13;51.87668;-68.19186;2007-06-16;68;1.896896708;9.89010989;46.2962963;200;162;23.31020773;93.5459084;15750;0;250
20202009MC027;9;2009_1;11;50.63308;-68.35277;2009-06-25;73;2.038489886;0;0.9259259;113;124;35.78339204;73.06616962;6000;0;1250
20202009MC023;9;2009_1;11;50.64087;-68.35517;2009-06-25;73;2.405799659;10.98901099;73.1481481;210;123;22.08622346;96.01702647;13500;0;1500
20202009MC026;9;2009_1;11;50.62506;-68.34858;2009-06-24;70;2.374744655;5.494505495;0;152.4;125;26.86293707;82.91222043;5500;0;4500
20202009MC022;9;2009_1;11;50.64521;-68.36031;2009-06-25;74;2.276416945;0;10.1851852;205;121;31.2253484;98.56799107;10500;0;1250
20172010184;9;2010_1;7;50.726777;-71.808263;2010-06-23;89;2.19650866;16.48351648;39.8148148;279;127;0.826937132;68.5512991;23750;3250;0
20182010D007;9;2010_1;8;50.72972;-71.74195;2010-06-22;88;2.310423264;5.494505495;39.8148148;220;307;10.55378035;99.99758889;19250;0;0
20182010F022;9;2010_1;8;50.831768;-71.647699;2010-06-23;89;1.621853661;0;20.3703704;203.5;243;18.57947918;73.55576143;10750;0;5750
20182010F031;9;2010_1;8;50.73207;-71.67171;2010-06-24;90;2.0674153;1.098901099;38.8888889;180;151;21.92814243;96.76818686;17500;0;500
20182010D027;9;2010_1;8;50.73126;-71.67249;2010-06-24;90;2.017925867;19.78021978;49.0740741;290;155;24.42766528;100;15000;0;0
20182010D012;9;2010_1;8;50.72992;-71.6886;2010-06-24;90;1.733565125;19.78021978;54.6296296;281;153;25.79813261;98.9976992;27500;0;0
20182010F025;9;2010_1;8;50.82991;-71.65072;2010-06-23;89;2.527301167;0;9.2592593;120;157;26.47460555;97.6022546;8000;0;0
20182010D041;9;2010_1;8;50.73056;-71.67342;2010-06-24;90;2.351783698;0;28.7037037;270;149;28.12882705;93.33630097;3750;250;750
20182010D042;9;2010_1;8;50.72981;-71.67416;2010-06-24;90;2.28916083;4.395604396;51.8518519;260;140;28.53781848;100;16000;250;0
20182010F042;9;2010_1;8;50.72627;-71.66961;2010-06-24;90;1.874741034;38.46153846;32.4074074;320;146;3.965861394;95.1013176;36250;28750;0
20182010F008;9;2010_1;8;50.72723;-71.7433;2010-06-22;88;1.132723361;8.791208791;34.2592593;230;315;7.644870216;99.99667149;24750;0;0
20182010D020;9;2010_1;8;50.69855;-71.70848;2010-06-22;88;1.887446186;14.28571429;30.5555556;920;280;8.872234837;100;25000;4500;0
2017201010;9;2010_2;7;49.70448565;-71.34112556;2010-05-19;57;2.612725413;2.197802198;25.9259259;156;96;32.07283711;97.50438403;16500;3750;3250
20202011MG040;9;2011_1;9;50.634;-67.68584;2011-06-15;49;1.8538174;16.48351648;62.037037;410;198;18.23357329;80.4437547;13250;0;0
20192005P033;10;2005_2;14;50.41946;-72.49591;2005-06-05;37;2.033920468;29.67032967;51.8518519;440;151;21.43358971;93.06551992;33500;250;1000
20192005R029;10;2005_3;14;50.24712;-72.3557;2005-06-03;34;2.375535048;34.06593407;64.8148148;246;79.5;4.470275567;62.6817079;19750;31500;0
20172005180;10;2005_5;12;51.129897;-71.030895;2005-06-04;58;1.704866798;41.75824176;35.1851852;700;280;5.394258337;100;151000;0;0
20172005156;10;2005_5;12;51.12259772;-71.05915868;2005-06-04;58;2.272836903;15.38461538;40.7407407;380;243;8.030073654;100;107250;0;0
20172005162;10;2005_5;12;51.12499905;-71.05802259;2005-06-04;58;2.317902757;29.67032967;25.9259259;560;276;8.43723883;100;117750;0;0
20172005177;10;2005_5;12;51.134722;-71.031583;2005-06-04;58;2.031696114;0;51.8518519;144;263;9.748830545;100;6750;0;0
20172007111;10;2007_3;10;51.095153;-71.098402;2007-06-16;66;1.785302314;58.24175824;36.1111111;400;188;10.29599395;100;28750;0;0
20172007102;10;2007_3;10;51.10367;-71.080938;2007-06-16;67;1.849036788;26.37362637;39.8148148;230;153;3.784873393;100;23500;1000;0
20202007UB109;10;2007_5;13;51.83473;-68.22905;2007-06-16;68;1.64174692;6.593406593;57.4074074;370;203;10.15602325;100;41500;0;0
20202007UB087;10;2007_5;13;51.87568;-68.19249;2007-06-16;68;1.566355064;2.197802198;10.1851852;146;216;20.68858449;64.25030444;26500;0;250
20202007UB088;10;2007_5;13;51.89569;-68.26321;2007-06-16;68;1.819428856;29.67032967;0;210;201;28.39564333;80.05036153;33500;0;1500
20202009MC024;10;2009_1;11;50.62559;-68.34702;2009-06-24;70;1.936141111;1.098901099;5.5555556;114;118;26.37051201;84.27171736;17250;0;5500
20182010D047;10;2010_1;8;50.71877;-71.73636;2010-06-22;88;1.996310488;12.08791209;32.4074074;300;214;1.649736092;100;22000;0;0
20182010F018;10;2010_1;8;50.73176;-71.68852;2010-06-24;90;2.066191262;37.36263736;49.0740741;310;262;2.623992777;87.84236405;28000;0;0
20182010D035;10;2010_1;8;50.72491;-71.67133;2010-06-24;90;2.141063669;25.27472527;40.7407407;250;149;21.95426948;99.99856905;21500;500;0
20182010F095;10;2010_1;8;50.82288;-71.59936;2010-06-23;89;1.605639673;0;60.1851852;260;163;32.47056749;99.99999032;38500;0;250
20182010D013;10;2010_1;8;50.7288;-71.6892;2010-06-24;90;2.016759286;3.296703297;36.1111111;265;230;36.6760688;90.19813958;69000;250;4000
20182010F001;10;2010_1;8;50.704248;-71.791517;2010-06-22;88;2.137343279;38.46153846;29.6296296;320;101.5;4.028897458;100;66000;34000;0
20182010F043;10;2010_1;8;50.72666;-71.67074;2010-06-24;90;1.978390569;24.17582418;43.5185185;250;278;9.281417116;95.28146755;41250;1000;0
